[
  {
    "article": "Article 14",
    "description": "Equality before law and equal protection of laws"
  },
  {
    "article": "Article 19",
    "description": "Six freedoms including speech, assembly, and movement"
  },
  {
    "article": "Article 21",
    "description": "Protection of life and personal liberty"
  },
  {
    "article": "Article 21A",
    "description": "Right to free and compulsory education for children"
  },
  {
    "article": "Article 32",
    "description": "Right to Constitutional Remedies - Heart of Constitution"
  },
  {
    "article": "Article 51A",
    "description": "Fundamental Duties of citizens"
  },
  {
    "article": "Article 72",
    "description": "President's power to grant pardons"
  },
  {
    "article": "Article 112",
    "description": "Annual Financial Statement (Budget)"
  },
  {
    "article": "Article 124",
    "description": "Establishment and constitution of Supreme Court"
  },
  {
    "article": "Article 356",
    "description": "President's Rule in states"
  }
]
